text,true_emotion,predicted_emotion
@pbhushan1 @IndianExpress so in your opinion is this the worst delhi govt? #acrid  #hypocrisy,anger,anger
@TrueAggieFan oh so that's where Brian was! Where was my invite? #offended,anger,anger
Having a baby born too soon is #lifechanging 6 years on and it feels like only yesterday #sad #happy #angry #emotionalrollercoaster,anger,sadness
@LiamCannon1 He's just too raging to type properly... Ha ha!,anger,joy
Sting is just too damn earnest for early morning listening. #sting,anger,anger
"Why to have vanity sizes?Now sizes S,XS(evenXXS sometimes) are too big, WTF?! Dear corporate jerks, Lithuania didn't need this. #rant #angry",anger,anger
Eat my ass' is no longer an insult,anger,joy
"Is it me, or is Ding wearing the look of a man who's just found his arch enemy in bed with his missus? #angryman ",anger,anger
"Kik to trade, have fun or a conversation  (kik: youraffair) #kik #kikme #messageme #textme #pics #trade #tradepics #dm  #bored",anger,joy
@fluffysoftlouis no no. I insist that you give me your best insult first,anger,joy
@LeonWobYP b***er off. NCFC is a grudge match :),anger,joy
i live and die for mchanzo honeymoon crashing and burning the second they move in together,anger,sadness
"I miss my gran singing Rawhide, in her deep baritone growl.",anger,sadness
Lol little things like that make me so angry x,anger,anger
@komal_sidhnani true...\nThey r burning with other's pleasure!\nPpl in true love happiness everywhere _üòÉ,anger,joy
"@HomeSwapperteam  Spent months arranging swap , new jobs etc, now I've found out she's been leading me on a merry dance. #fuming with her",anger,anger
"@Yoshi_OnoChin can you please not have Canadian players play US players, that lag  is atrocious. #fixthisgame #trash #sfvrefund ",anger,anger
"Taking umbrage because Jimmy Carr claimed that Bilbo Baggins went to Mordor on 8 out of 10 cats does Countdown. Know your Baggins', mate.",anger,anger
@TrueAggieFan oh so that's where Brian was! Where was my invite? ,anger,anger
@SSheil coincidentally watched Ulzana's Raid last night - brutally indignant filmmaking.,anger,anger
"it's horrible cos no one can relate,  everyone is happy and dandy in one way or another",fear,sadness
Southend players always haunt Man U,fear,anger
Okay. Brace yourself. I will attempt my first loaf of bread in the morning. I will use a dutch oven. I will make the dough now. #nervous,fear,fear
"@chutneysupercat hi lovely brownie, MM is calling me tuppytupperware.. its awful",fear,sadness
I don't want speak front to him   #nopanicattack,fear,fear
Whatt a trailerrrr !!! @karanjohar @AnushkaSharma #RanbirKapoor #AishwaryaRaiBachchan i am COMPLETELY BLOWN !! #awestruck #longingformore,fear,joy
Nothing worse than an uber driver that can't drive. ,fear,anger
Losing to Villa...'@M0tivati0nQuote: Most of the things people worry about are things that won't even matter to them a few months from now.',fear,sadness
@All4 is the android app it designed to be buggy and work sporadically on a fire TV box? ,fear,anger
@BuzzFeed so this houses will get into my instestines and scare my poop and I'll shit my pants?,fear,fear
@lukeshawtime terrible,fear,sadness
Another fun fact: i am afraid,fear,fear
Nothing worse than an uber driver that can't drive. #awful,fear,anger
@mikefreemanNFL \nIsn't OBrien supposed to be some sort of offensive genius #awful,fear,anger
I know this is going to be one of those nights where it takes an Act of God to fall asleep. ,fear,sadness
"Really.....#Jumanji 2....w/ The Rock, Jack Black, and Kevin Hart...are you kidding me! WTF! #ThisIsATerribleIdea ",fear,anger
@ReaganBattalion That's a terrible thing to accuse Scott Baio of.,fear,sadness
"By officialy adopting #BurhanWani, a #Hizbul terrorist, #Pakistan n #NawazSharif hv md a cardinal mistake 2day tht'll haunt fr years. #UNGA",fear,anger
@mikefreemanNFL \nIsn't OBrien supposed to be some sort of offensive genius ,fear,anger
"Honestly, there are some awful people on the internet... smh...",fear,anger
"If yiu don't respond .o an email within 7 days, you willxbe killed by an animated gif of the girl froa The Ri.g.",joy,fear
@hesham786 that's the spirit ,joy,joy
A #new day to #live and #smile. Hope all the #followers a nice #night or #day. :D,joy,joy
Nawaz Sharif is getting more funnier than @kapilsharmak9 day by day.  #challenge #kashmir #baloch,joy,joy
@HunterDean_ [he gives a gleeful squeak and wraps around you] All mine!,joy,joy
@harrietemmett great minds think alike. #rejoice,joy,joy
@Bridget_Jones was joyous. Worried I would be disappointed. Most definitely was not. #chickflick #giggles #comethefuckonbridget,joy,joy
Sioux Valley wins home competitive #cheer invite with a score of 158. ...Dell Rapids second at 138,joy,joy
"@DocBellsSwan *peers down at you, eyes crinkling with mirth and affection* I do love ye so, my bonnie Belle.",joy,joy
i was so embarrassed when she saw us i was like knvfkkjg she thinks we're stalkers n then she starts waving all cheerfully inviting us in üò©,joy,sadness
Chris would take full responsibility and would want us all to rejoice in the memories we all had with him.,joy,joy
"@PhilGlutting Hey There Phil Glutting thank you for following us, it's appreciated :) #smile",joy,joy
"@Geminiak @LondonNPC you're welcome! #wordgeek \nAlso, good to put a face to the twitter feed, even if it was only a cheery hello! üòÄ",joy,joy
"@Casper10666 I assure you there is no laughter, but increasing anger at the costs, and arrogance of Westminster.",joy,anger
@NateBLoL no it was that clear American naturally flavored sparkling water,joy,joy
"Ready for that nice, breezy, calm, sunshine weather.üçÇüçÅ #Autumn",joy,joy
"A cheerful heart is good medicine, but a broken spirit saps a person's strength.' {Proverbs 17:22} #WednesdayWisdom",joy,joy
@harrietemmett great minds think alike. ,joy,joy
@Bluebelle89 @lsmith855 liking the optimism,joy,joy
@MacDsmash you should get some @SSB_Swedish delight,joy,joy
@Barcabhoy1 Of course not. Didn't sink his studs into a knee like Forrester,sadness,anger
@pmo100 @5liveSport .....I heard talk something is a miss. He looks weary.,sadness,sadness
"@DxfyingGrxvity - frustration, looking up at Elphaba in a frown of aggravation. Her high pitched voice was growing more and more --",sadness,anger
"@kempicepoland don't think he did, and he didn't have the rucksack or laptop in his possession, murky business, on that note I'm away to bed",sadness,sadness
Should of stayed in Dubai üòû,sadness,sadness
Remembering those day when u still did'nt know kpop n thinking about how sad your life was without it - Kpop fan,sadness,joy
"@GolfStrat out of Rory starts. What would your B group look like w/o him? Hideki and Walker, and throw Reed or Knox on the pine?",sadness,anger
On bedrest since I got out of the hospital. U find in unopened beer.. what do I do. Pour that shit out! No alcohol at all for me #sober,sadness,anger
"I'd rather laugh with the rarest genius, in beautiful alliance with his own being, where he kept his sadness. #melancholy",sadness,sadness
"@LeePorter94 @DomMcGovern_ hi Dom I saw u at Notts county away, looking for 1 mufc away ticket will pay ",sadness,joy
My life went from happy to unhappy..,sadness,sadness
Common app just randomly logged me out as I was writing the last part of my college essay and lost all of it üò≠üò≠üò≠,sadness,sadness
"@Eeevah14 don't I know it, try not to fret my sweet little pupper",sadness,sadness
@abra @abra @abra what're you doing to my ears? To my soul?! #GoodMusic #melancholy,sadness,sadness
"Stars, when you shine,\nYou know how I feel.\nScent of the pine, \nYou know how I feel.\nFreedom is mine,\nI know how I feel.\nI'm feelin' good.",sadness,joy
I feel like an appendix. I don't have a purpose.  #depressed  #alone #lonely #broken  #cry #hurt #crying #life,sadness,sadness
Soooo badly want to dye my hair dark but have never been dark before soooo torn üò≠üò≠üò≠,sadness,fear
This world has some serious issues we should all go to therapy,sadness,sadness
"A pessimist is someone who, when opportunity knocks, complains about the noise #mikeshumor",sadness,joy
"@KeithOlbermann depressing how despicable Trump, with no policies, campaigning on bigotry &amp; rancour can be so close, evil immoral disaster",sadness,anger
